epoch,time,train/box_loss,train/cls_loss,train/dfl_loss,metrics/precision(B),metrics/recall(B),metrics/mAP50(B),metrics/mAP50-95(B),val/box_loss,val/cls_loss,val/dfl_loss,lr/pg0,lr/pg1,lr/pg2
1,11.7866,0,37.6888,0,0,0,0,0,0,43.3575,0,8e-05,8e-05,8e-05
2,13.5351,0,36.6628,0,0,0,0,0,0,43.376,0,0.000178218,0.000178218,0.000178218
3,14.7766,0,36.0302,0,0,0,0,0,0,43.4833,0,0.000274456,0.000274456,0.000274456
4,16.0208,0,35.2044,0,0,0,0,0,0,43.9085,0,0.000368714,0.000368714,0.000368714
5,17.2433,0,34.2666,0,0,0,0,0,0,44.3962,0,0.000460992,0.000460992,0.000460992
6,18.4223,0,33.1315,0,0,0,0,0,0,44.3288,0,0.00055129,0.00055129,0.00055129
7,19.6697,0,31.8606,0,0,0,0,0,0,44.1508,0,0.000639608,0.000639608,0.000639608
8,20.9052,0,30.5353,0,0,0,0,0,0,43.4193,0,0.000725946,0.000725946,0.000725946
9,22.1218,0,29.3259,0,0,0,0,0,0,42.4284,0,0.000810304,0.000810304,0.000810304
10,23.3194,0,28.506,0,0,0,0,0,0,40.4888,0,0.000892682,0.000892682,0.000892682
11,24.5679,0,27.5318,0,0,0,0,0,0,36.4459,0,0.00097308,0.00097308,0.00097308
12,25.753,0,27.059,0,0,0,0,0,0,33.2558,0,0.0010515,0.0010515,0.0010515
13,26.8981,0,26.2401,0,0,0,0,0,0,33.2558,0,0.00112794,0.00112794,0.00112794
14,28.0453,0,25.684,0,0,0,0,0,0,30.3787,0,0.00120239,0.00120239,0.00120239
15,29.2497,0,25.1086,0,0,0,0,0,0,28.3319,0,0.00127487,0.00127487,0.00127487
16,30.4108,0,24.5688,0,0,0,0,0,0,28.3319,0,0.00134537,0.00134537,0.00134537
17,31.5984,0,24.9896,0,0,0,0,0,0,26.4982,0,0.00141389,0.00141389,0.00141389
18,32.7623,0,23.6694,0,0,0,0,0,0,26.4982,0,0.00148043,0.00148043,0.00148043
19,33.943,0,23.6204,0,0,0,0,0,0,24.9076,0,0.00154498,0.00154498,0.00154498
20,35.1278,0,23.3665,0,0,0,0,0,0,24.9076,0,0.00160756,0.00160756,0.00160756
21,36.3156,0,23.2126,0,0,0,0,0,0,23.0242,0,0.001604,0.001604,0.001604
22,37.4934,0,22.4335,0,0,0,0,0,0,23.0242,0,0.0015842,0.0015842,0.0015842
23,38.6476,0,22.6007,0,0,0,0,0,0,23.0242,0,0.0015644,0.0015644,0.0015644
24,39.8184,0,21.9251,0,0,0,0,0,0,22.1708,0,0.0015446,0.0015446,0.0015446
25,40.9932,0,21.7906,0,0,0,0,0,0,22.1708,0,0.0015248,0.0015248,0.0015248
26,42.1898,0,21.4928,0,0,0,0,0,0,22.2958,0,0.001505,0.001505,0.001505
27,43.5688,0,21.3463,0,0,0,0,0,0,22.2958,0,0.0014852,0.0014852,0.0014852
28,44.7575,0,21.1205,0,0,0,0,0,0,23.107,0,0.0014654,0.0014654,0.0014654
29,45.9469,0,20.6423,0,0,0,0,0,0,23.107,0,0.0014456,0.0014456,0.0014456
30,47.1533,0,20.6418,0,0,0,0,0,0,21.9307,0,0.0014258,0.0014258,0.0014258
31,48.3232,0,20.1224,0,0,0,0,0,0,21.9307,0,0.001406,0.001406,0.001406
32,49.5348,0,20.0223,0,0,0,0,0,0,20.8345,0,0.0013862,0.0013862,0.0013862
33,50.7172,0,19.6577,0,0,0,0,0,0,20.8345,0,0.0013664,0.0013664,0.0013664
34,51.9282,0,19.5908,0,0,0,0,0,0,20.8345,0,0.0013466,0.0013466,0.0013466
35,53.126,0,19.2441,0,0,0,0,0,0,20.2692,0,0.0013268,0.0013268,0.0013268
36,54.2907,0,19.1503,0,0,0,0,0,0,20.2692,0,0.001307,0.001307,0.001307
37,55.5472,0,18.8546,0,0,0,0,0,0,19.2824,0,0.0012872,0.0012872,0.0012872
38,56.712,0,18.9017,0,0,0,0,0,0,19.2824,0,0.0012674,0.0012674,0.0012674
39,57.8946,0,18.4972,0,0,0,0,0,0,19.0778,0,0.0012476,0.0012476,0.0012476
40,59.1081,0,18.2991,0,0,0,0,0,0,19.0778,0,0.0012278,0.0012278,0.0012278
41,60.3259,0,18.4679,0,0,0,0,0,0,19.0843,0,0.001208,0.001208,0.001208
42,61.5379,0,17.9242,0,0,0,0,0,0,19.0843,0,0.0011882,0.0011882,0.0011882
43,62.766,0,17.8821,0,0,0,0,0,0,19.4513,0,0.0011684,0.0011684,0.0011684
44,63.9717,0,17.5321,0,0,0,0,0,0,19.4513,0,0.0011486,0.0011486,0.0011486
45,65.1574,0,17.4876,0,0,0,0,0,0,19.4513,0,0.0011288,0.0011288,0.0011288
46,66.3453,0,17.3045,0,0,0,0,0,0,19.0113,0,0.001109,0.001109,0.001109
47,67.5567,0,17.1864,0,0,0,0,0,0,19.0113,0,0.0010892,0.0010892,0.0010892
48,68.7588,0,17.0286,0,0,0,0,0,0,18.9242,0,0.0010694,0.0010694,0.0010694
49,69.9246,0,16.9237,0,0,0,0,0,0,18.9242,0,0.0010496,0.0010496,0.0010496
50,71.1214,0,16.7781,0,0,0,0,0,0,18.7697,0,0.0010298,0.0010298,0.0010298
51,72.299,0,16.6105,0,0,0,0,0,0,18.7697,0,0.00101,0.00101,0.00101
52,73.5128,0,16.6091,0,0,0,0,0,0,18.7664,0,0.0009902,0.0009902,0.0009902
53,74.7005,0,16.2689,0,0,0,0,0,0,18.7664,0,0.0009704,0.0009704,0.0009704
54,76.4197,0,16.3066,0,0,0,0,0,0,18.4599,0,0.0009506,0.0009506,0.0009506
55,77.7307,0,15.9866,0,0,0,0,0,0,18.4599,0,0.0009308,0.0009308,0.0009308
56,78.976,0,15.9966,0,0,0,0,0,0,18.4599,0,0.000911,0.000911,0.000911
57,80.2199,0,15.8049,0,0,0,0,0,0,18.1201,0,0.0008912,0.0008912,0.0008912
58,81.4191,0,15.7148,0,0,0,0,0,0,18.1201,0,0.0008714,0.0008714,0.0008714
59,82.6685,0,15.5494,0,0,0,0,0,0,17.7939,0,0.0008516,0.0008516,0.0008516
60,84.028,0,15.6268,0,0,0,0,0,0,17.7939,0,0.0008318,0.0008318,0.0008318
61,85.4597,0,15.3961,0,0,0,0,0,0,17.5837,0,0.000812,0.000812,0.000812
62,86.7584,0,15.2837,0,0,0,0,0,0,17.5837,0,0.0007922,0.0007922,0.0007922
63,89.2161,0,15.271,0,0,0,0,0,0,17.3932,0,0.0007724,0.0007724,0.0007724
64,90.6587,0,15.1162,0,0,0,0,0,0,17.3932,0,0.0007526,0.0007526,0.0007526
65,92.2881,0,15.1107,0,0,0,0,0,0,17.2481,0,0.0007328,0.0007328,0.0007328
66,93.9271,0,14.9235,0,0,0,0,0,0,17.2481,0,0.000713,0.000713,0.000713
67,95.63,0,14.8759,0,0,0,0,0,0,17.2481,0,0.0006932,0.0006932,0.0006932
68,97.1782,0,14.7567,0,0,0,0,0,0,17.2427,0,0.0006734,0.0006734,0.0006734
69,99.0441,0,14.8305,0,0,0,0,0,0,17.2427,0,0.0006536,0.0006536,0.0006536
70,100.596,0,14.6437,0,0,0,0,0,0,17.2034,0,0.0006338,0.0006338,0.0006338
71,102.054,0,14.5435,0,0,0,0,0,0,17.2034,0,0.000614,0.000614,0.000614
72,103.415,0,14.4777,0,0,0,0,0,0,17.0855,0,0.0005942,0.0005942,0.0005942
73,104.781,0,14.4085,0,0,0,0,0,0,17.0855,0,0.0005744,0.0005744,0.0005744
74,106.146,0,14.5102,0,0,0,0,0,0,16.9238,0,0.0005546,0.0005546,0.0005546
75,107.382,0,14.2668,0,0,0,0,0,0,16.9238,0,0.0005348,0.0005348,0.0005348
76,108.651,0,14.2469,0,0,0,0,0,0,16.7118,0,0.000515,0.000515,0.000515
77,109.884,0,14.0619,0,0,0,0,0,0,16.7118,0,0.0004952,0.0004952,0.0004952
78,111.215,0,14.1249,0,0,0,0,0,0,16.7118,0,0.0004754,0.0004754,0.0004754
79,112.645,0,14.025,0,0,0,0,0,0,16.5268,0,0.0004556,0.0004556,0.0004556
80,113.881,0,13.9769,0,0,0,0,0,0,16.5268,0,0.0004358,0.0004358,0.0004358
81,115.12,0,13.9758,0,0,0,0,0,0,16.4331,0,0.000416,0.000416,0.000416
82,116.363,0,13.9128,0,0,0,0,0,0,16.4331,0,0.0003962,0.0003962,0.0003962
83,117.807,0,13.8942,0,0,0,0,0,0,16.2605,0,0.0003764,0.0003764,0.0003764
84,119.421,0,13.8243,0,0,0,0,0,0,16.2605,0,0.0003566,0.0003566,0.0003566
85,121.185,0,13.8184,0,0,0,0,0,0,16.1475,0,0.0003368,0.0003368,0.0003368
86,123,0,13.7774,0,0,0,0,0,0,16.1475,0,0.000317,0.000317,0.000317
87,125.001,0,13.7534,0,0,0,0,0,0,16.1127,0,0.0002972,0.0002972,0.0002972
88,126.77,0,13.6645,0,0,0,0,0,0,16.1127,0,0.0002774,0.0002774,0.0002774
89,128.519,0,13.667,0,0,0,0,0,0,16.1127,0,0.0002576,0.0002576,0.0002576
90,130.349,0,13.6246,0,0,0,0,0,0,16.0316,0,0.0002378,0.0002378,0.0002378
91,136.997,0,13.6294,0,0,0,0,0,0,16.0316,0,0.000218,0.000218,0.000218
92,138.794,0,13.5647,0,0,0,0,0,0,15.9954,0,0.0001982,0.0001982,0.0001982
93,140.538,0,13.5731,0,0,0,0,0,0,15.9954,0,0.0001784,0.0001784,0.0001784
94,151.071,0,13.5572,0,0,0,0,0,0,15.955,0,0.0001586,0.0001586,0.0001586
95,152.333,0,13.5605,0,0,0,0,0,0,15.955,0,0.0001388,0.0001388,0.0001388
96,153.503,0,13.5032,0,0,0,0,0,0,15.9128,0,0.000119,0.000119,0.000119
97,154.686,0,13.5121,0,0,0,0,0,0,15.9128,0,9.92e-05,9.92e-05,9.92e-05
98,155.909,0,13.4882,0,0,0,0,0,0,15.9262,0,7.94e-05,7.94e-05,7.94e-05
99,157.104,0,13.457,0,0,0,0,0,0,15.9262,0,5.96e-05,5.96e-05,5.96e-05
100,158.255,0,13.4422,0,0,0,0,0,0,15.9262,0,3.98e-05,3.98e-05,3.98e-05
